{
  "aggregate": {
    "cost_usd": {
      "max": 0.3223315,
      "mean": 0.3079471,
      "min": 0.2952645,
      "n": 15,
      "samples": [
        0.2975595,
        0.2952645,
        0.3141965,
        0.3223315,
        0.3124975,
        0.3104905,
        0.3094135,
        0.3197325,
        0.3194935,
        0.2983265,
        0.3014555,
        0.2953555,
        0.3061205,
        0.3016815,
        0.3152875
      ],
      "stddev": 0.00928123
    },
    "quality_total": {
      "max": 0.93789375,
      "mean": 0.90554792,
      "min": 0.8868625,
      "n": 15,
      "samples": [
        0.8868625,
        0.91029375,
        0.89363125,
        0.92071875,
        0.92591875,
        0.9051,
        0.89310625,
        0.9099875,
        0.8936375,
        0.90196875,
        0.93789375,
        0.887275,
        0.907175,
        0.8920625,
        0.9175875
      ],
      "stddev": 0.01511334
    }
  },
  "created": "20260708-142111",
  "judge_model": "claude-opus-4-8",
  "k": 2.0,
  "n": 15,
  "per_task": {
    "burn-add-docstring-nogo": {
      "cost_usd": {
        "max": 0.003413,
        "mean": 0.00313113,
        "min": 0.00269,
        "n": 15,
        "samples": [
          0.003061,
          0.003035,
          0.002873,
          0.003213,
          0.003371,
          0.003249,
          0.003369,
          0.003053,
          0.003413,
          0.003328,
          0.003032,
          0.002817,
          0.003114,
          0.00269,
          0.003349
        ],
        "stddev": 0.00022211
      },
      "quality_total": {
        "max": 0.8,
        "mean": 0.8,
        "min": 0.8,
        "n": 15,
        "samples": [
          0.8,
          0.8,
          0.8,
          0.8,
          0.8,
          0.8,
          0.8,
          0.8,
          0.8,
          0.8,
          0.8,
          0.8,
          0.8,
          0.8,
          0.8
        ],
        "stddev": 0.0
      }
    },
    "burn-add-power-go": {
      "cost_usd": {
        "max": 0.0423355,
        "mean": 0.03608917,
        "min": 0.0305385,
        "n": 15,
        "samples": [
          0.0344355,
          0.0333585,
          0.0333005,
          0.0394925,
          0.0305385,
          0.0394045,
          0.0423355,
          0.0403205,
          0.0342045,
          0.0323435,
          0.0379855,
          0.0342085,
          0.0329835,
          0.0389485,
          0.0374775
        ],
        "stddev": 0.00351259
      },
      "quality_total": {
        "max": 0.9285,
        "mean": 0.76798667,
        "min": 0.6619,
        "n": 15,
        "samples": [
          0.7452,
          0.6952,
          0.7119,
          0.8702,
          0.9285,
          0.7369,
          0.7785,
          0.8536,
          0.6952,
          0.6785,
          0.8202,
          0.6619,
          0.6952,
          0.7952,
          0.8536
        ],
        "stddev": 0.08204353
      }
    },
    "burn-add-readme-section-go": {
      "cost_usd": {
        "max": 0.003689,
        "mean": 0.00354653,
        "min": 0.003428,
        "n": 15,
        "samples": [
          0.003479,
          0.003486,
          0.003618,
          0.00367,
          0.003548,
          0.003455,
          0.003517,
          0.003461,
          0.003638,
          0.003533,
          0.003428,
          0.003689,
          0.003619,
          0.003463,
          0.003594
        ],
        "stddev": 8.558e-05
      },
      "quality_total": {
        "max": 0.875,
        "mean": 0.875,
        "min": 0.875,
        "n": 15,
        "samples": [
          0.875,
          0.875,
          0.875,
          0.875,
          0.875,
          0.875,
          0.875,
          0.875,
          0.875,
          0.875,
          0.875,
          0.875,
          0.875,
          0.875,
          0.875
        ],
        "stddev": 0.0
      }
    },
    "burn-add-strings-title-go": {
      "cost_usd": {
        "max": 0.0496385,
        "mean": 0.0386353,
        "min": 0.0328735,
        "n": 15,
        "samples": [
          0.0345085,
          0.0328735,
          0.0336985,
          0.0496385,
          0.0420915,
          0.0344875,
          0.0399965,
          0.0414445,
          0.0438765,
          0.0387745,
          0.0417995,
          0.0331695,
          0.0343105,
          0.0342915,
          0.0445685
        ],
        "stddev": 0.00517354
      },
      "quality_total": {
        "max": 0.9208,
        "mean": 0.80470667,
        "min": 0.7042,
        "n": 15,
        "samples": [
          0.7042,
          0.8041,
          0.9208,
          0.8375,
          0.8375,
          0.9042,
          0.7375,
          0.7208,
          0.8209,
          0.7042,
          0.8541,
          0.7541,
          0.7875,
          0.8041,
          0.8791
        ],
        "stddev": 0.06988857
      }
    },
    "burn-add-subtract-go": {
      "cost_usd": {
        "max": 0.0409965,
        "mean": 0.03574023,
        "min": 0.0319695,
        "n": 15,
        "samples": [
          0.0319695,
          0.0353525,
          0.0331505,
          0.0401325,
          0.0394025,
          0.0336355,
          0.0325365,
          0.0340815,
          0.0390695,
          0.0400675,
          0.0332825,
          0.0322575,
          0.0409965,
          0.0323545,
          0.0378145
        ],
        "stddev": 0.00340795
      },
      "quality_total": {
        "max": 0.9285,
        "mean": 0.62852667,
        "min": 0.4285,
        "n": 15,
        "samples": [
          0.4285,
          0.7119,
          0.4285,
          0.8119,
          0.8952,
          0.5119,
          0.4285,
          0.6785,
          0.7119,
          0.7119,
          0.9285,
          0.4285,
          0.6952,
          0.4285,
          0.6285
        ],
        "stddev": 0.17650892
      }
    },
    "burn-fix-multiply-go": {
      "cost_usd": {
        "max": 0.003115,
        "mean": 0.00301293,
        "min": 0.002834,
        "n": 15,
        "samples": [
          0.002847,
          0.003037,
          0.002848,
          0.003108,
          0.00304,
          0.003006,
          0.003078,
          0.003054,
          0.002834,
          0.003096,
          0.003036,
          0.003047,
          0.003115,
          0.003027,
          0.003021
        ],
        "stddev": 9.348e-05
      },
      "quality_total": {
        "max": 1.0,
        "mean": 1.0,
        "min": 1.0,
        "n": 15,
        "samples": [
          1.0,
          1.0,
          1.0,
          1.0,
          1.0,
          1.0,
          1.0,
          1.0,
          1.0,
          1.0,
          1.0,
          1.0,
          1.0,
          1.0,
          1.0
        ],
        "stddev": 0.0
      }
    },
    "burn-fix-multiply-nogo": {
      "cost_usd": {
        "max": 0.003468,
        "mean": 0.0030894,
        "min": 0.002786,
        "n": 15,
        "samples": [
          0.003124,
          0.002979,
          0.002786,
          0.003305,
          0.003264,
          0.002872,
          0.002961,
          0.002794,
          0.003468,
          0.003314,
          0.00317,
          0.002967,
          0.00297,
          0.003246,
          0.003121
        ],
        "stddev": 0.00020502
      },
      "quality_total": {
        "max": 0.8,
        "mean": 0.8,
        "min": 0.8,
        "n": 15,
        "samples": [
          0.8,
          0.8,
          0.8,
          0.8,
          0.8,
          0.8,
          0.8,
          0.8,
          0.8,
          0.8,
          0.8,
          0.8,
          0.8,
          0.8,
          0.8
        ],
        "stddev": 0.0
      }
    },
    "burn-inception-docs-go": {
      "cost_usd": {
        "max": 0.0580115,
        "mean": 0.04374917,
        "min": 0.0385195,
        "n": 15,